State,County Name,Urban Rural Code,FIPS,Total deaths,COVID-19 Deaths,Urban Rural Description,Pct_Deaths_by_Covid,Covid_Death_Pct_Above_Median
AK,Anchorage Municipality,3,2020,4133,366,Medium metro,8.855552867166706,0
AL,Autauga County,3,1001,956,122,Medium metro,12.761506276150628,1
AL,Baldwin County,4,1003,4386,473,Small metro,10.784313725490197,0
AL,Calhoun County,4,1015,3031,444,Small metro,14.64863081491257,1
AL,Coffee County,5,1031,1017,150,Micropolitan,14.749262536873156,1
AL,Colbert County,4,1033,1364,238,Small metro,17.44868035190616,1
AL,Covington County,6,1039,1066,179,Noncore,16.79174484052533,1
AL,Cullman County,5,1043,2143,304,Micropolitan,14.185720951936537,1
AL,Dale County,5,1045,850,105,Micropolitan,12.352941176470589,1
AL,Dallas County,5,1047,958,148,Micropolitan,15.44885177453027,1
AL,DeKalb County,6,1049,1383,157,Noncore,11.352133044107013,0
AL,Escambia County,6,1053,797,106,Noncore,13.29987452948557,1
AL,Etowah County,4,1055,3229,522,Small metro,16.16599566429235,1
AL,Houston County,4,1069,4037,815,Small metro,20.188258607877135,1
AL,Jackson County,5,1071,1233,116,Micropolitan,9.407948094079481,0
AL,Jefferson County,1,1073,20480,2834,Large central metro,13.837890624999998,1
AL,Lauderdale County,4,1077,2798,355,Small metro,12.687634024303074,1
AL,Lee County,4,1081,2489,405,Small metro,16.271595018079548,1
AL,Limestone County,3,1083,1586,152,Medium metro,9.583858764186633,0
AL,Madison County,3,1089,8307,927,Medium metro,11.159263271939327,0
AL,Marshall County,5,1095,2413,293,Micropolitan,12.142561127227518,1
AL,Mobile County,3,1097,10800,1486,Medium metro,13.75925925925926,1
AL,Montgomery County,3,1101,6387,1112,Medium metro,17.410364803507125,1
AL,Morgan County,4,1103,2669,316,Small metro,11.839640314724615,0
AL,St. Clair County,2,1115,1541,144,Large fringe metro,9.344581440622973,0
AL,Shelby County,2,1117,2672,236,Large fringe metro,8.832335329341317,0
AL,Talladega County,5,1121,1763,204,Micropolitan,11.571185479296652,0
AL,Tallapoosa County,6,1123,1066,140,Noncore,13.133208255159476,1
AL,Tuscaloosa County,4,1125,4693,794,Small metro,16.918815256765395,1
AL,Walker County,2,1127,1956,270,Large fringe metro,13.803680981595093,1
AR,Baxter County,5,5005,1804,264,Micropolitan,14.634146341463413,1
AR,Benton County,3,5007,3930,663,Medium metro,16.87022900763359,1
AR,Boone County,5,5009,859,108,Micropolitan,12.572759022118744,1
AR,Craighead County,4,5031,4363,776,Small metro,17.785927114370846,1
AR,Faulkner County,3,5045,2223,313,Medium metro,14.080071974808817,1
AR,Garland County,4,5051,3712,553,Small metro,14.89762931034483,1
AR,Independence County,5,5063,1184,230,Micropolitan,19.425675675675674,1
AR,Jefferson County,4,5069,1709,233,Small metro,13.6337039204213,1
AR,Pope County,5,5115,1286,112,Micropolitan,8.709175738724728,0
AR,Pulaski County,3,5119,13219,1759,Medium metro,13.306604130418338,1
AR,Saline County,3,5125,1890,190,Medium metro,10.052910052910052,0
AR,Sebastian County,3,5131,4606,708,Medium metro,15.371254884932698,1
AR,Union County,5,5139,1048,121,Micropolitan,11.545801526717558,0
AR,Washington County,3,5143,4712,632,Medium metro,13.412563667232597,1
AR,White County,5,5145,1951,239,Micropolitan,12.250128139415684,1
AZ,Apache County,6,4001,1054,129,Noncore,12.23908918406072,1
AZ,Cochise County,4,4003,2113,148,Small metro,7.004259346900142,0
AZ,Coconino County,4,4005,2352,302,Small metro,12.84013605442177,1
AZ,Gila County,5,4007,1357,136,Micropolitan,10.022107590272661,0
AZ,Maricopa County,1,4013,81663,11960,Large central metro,14.645555514737396,1
AZ,Mohave County,4,4015,6877,795,Small metro,11.560273375018177,0
AZ,Navajo County,5,4017,2056,222,Micropolitan,10.797665369649806,0
AZ,Pima County,3,4019,23801,3042,Medium metro,12.780975589260956,1
AZ,Pinal County,2,4021,5181,424,Large fringe metro,8.183748311136846,0
AZ,Yavapai County,4,4025,6193,545,Small metro,8.800258356208621,0
AZ,Yuma County,4,4027,3964,787,Small metro,19.853683148335016,1
CA,Alameda County,1,6001,20262,1647,Large central metro,8.128516434705361,0
CA,Butte County,4,6007,4391,400,Small metro,9.109542245502164,0
CA,Contra Costa County,2,6013,15145,972,Large fringe metro,6.417959722680752,0
CA,El Dorado County,2,6017,2674,143,Large fringe metro,5.347793567688855,0
CA,Fresno County,3,6019,16337,2146,Medium metro,13.135826651159944,1
CA,Humboldt County,5,6023,2418,102,Micropolitan,4.218362282878412,0
CA,Imperial County,4,6025,2509,610,Small metro,24.312475089677164,1
CA,Kern County,3,6029,13247,1679,Medium metro,12.674567826677738,1
CA,Kings County,4,6031,1981,401,Small metro,20.242301867743564,1
CA,Los Angeles County,1,6037,146639,24768,Large central metro,16.89045888201638,1
CA,Madera County,4,6039,1864,257,Small metro,13.78755364806867,1
CA,Marin County,2,6041,3820,220,Large fringe metro,5.7591623036649215,0
CA,Merced County,3,6047,3009,372,Medium metro,12.362911266201396,1
CA,Monterey County,3,6053,5342,605,Medium metro,11.325346312242605,0
CA,Napa County,4,6055,2326,114,Small metro,4.901117798796217,0
CA,Nevada County,5,6057,1892,111,Micropolitan,5.866807610993657,0
CA,Orange County,1,6059,44802,6449,Large central metro,14.394446676487657,1
CA,Placer County,2,6061,7722,660,Large fringe metro,8.547008547008547,0
CA,Riverside County,1,6065,37638,5913,Large central metro,15.710186513629843,1
CA,Sacramento County,1,6067,24768,2243,Large central metro,9.056040051679586,0
CA,San Bernardino County,2,6071,34964,6251,Large fringe metro,17.87838920032033,1
CA,San Diego County,1,6073,46598,5013,Large central metro,10.75797244516932,0
CA,San Francisco County,1,6075,11938,604,Large central metro,5.059473948735131,0
CA,San Joaquin County,3,6077,11866,1720,Medium metro,14.49519635934603,1
CA,San Luis Obispo County,3,6079,4331,295,Medium metro,6.81135996305703,0
CA,San Mateo County,2,6081,8841,652,Large fringe metro,7.374731365230177,0
CA,Santa Barbara County,3,6083,6483,603,Medium metro,9.30124942156409,0
CA,Santa Clara County,1,6085,21565,2009,Large central metro,9.31602133086019,0
CA,Santa Cruz County,3,6087,3339,287,Medium metro,8.59538784067086,0
CA,Shasta County,4,6089,4798,387,Small metro,8.065860775323051,0
CA,Solano County,3,6095,6727,532,Medium metro,7.908428720083246,0
CA,Sonoma County,3,6097,8023,499,Medium metro,6.219618596534962,0
CA,Stanislaus County,3,6099,11023,1788,Medium metro,16.220629592669873,1
CA,Tehama County,5,6103,1144,104,Micropolitan,9.090909090909092,0
CA,Tulare County,3,6107,6646,1043,Medium metro,15.693650315979538,1
CA,Tuolumne County,5,6109,1300,118,Micropolitan,9.076923076923077,0
CA,Ventura County,3,6111,11699,1231,Medium metro,10.52226686041542,0
CA,Yolo County,2,6113,2259,203,Large fringe metro,8.986277113767153,0
CA,Yuba County,4,6115,1551,186,Small metro,11.992263056092844,0
CO,Adams County,2,8001,7651,978,Large fringe metro,12.782642791791924,1
CO,Arapahoe County,2,8005,8724,934,Large fringe metro,10.706098120128381,0
CO,Boulder County,3,8013,4547,409,Medium metro,8.994941719815262,0
CO,Denver County,1,8031,9910,894,Large central metro,9.021190716448032,0
CO,Douglas County,2,8035,3453,365,Large fringe metro,10.570518389805967,0
CO,El Paso County,3,8041,10910,1234,Medium metro,11.310724106324473,0
CO,Jefferson County,2,8059,9493,920,Large fringe metro,9.691351522174234,0
CO,Larimer County,3,8069,5250,393,Medium metro,7.485714285714286,0
CO,Mesa County,4,8077,3707,372,Small metro,10.035068788777988,0
CO,Pueblo County,4,8101,4200,476,Small metro,11.333333333333332,0
CO,Weld County,3,8123,3397,353,Medium metro,10.39152193111569,0
CT,Fairfield County,3,9001,13945,2348,Medium metro,16.83757619218358,1
CT,Hartford County,1,9003,17325,2671,Large central metro,15.417027417027418,1
CT,Litchfield County,5,9005,2754,236,Micropolitan,8.569353667392884,0
CT,Middlesex County,2,9007,2684,393,Large fringe metro,14.642324888226527,1
CT,New Haven County,3,9009,16920,2309,Medium metro,13.646572104018912,1
CT,New London County,3,9011,4562,456,Medium metro,9.995615957913195,0
CT,Tolland County,2,9013,1344,102,Large fringe metro,7.5892857142857135,0
CT,Windham County,3,9015,1734,151,Medium metro,8.708189158016149,0
DC,District of Columbia,1,11001,12746,1587,Large central metro,12.45096500863016,1
DE,Kent County,4,10001,3710,378,Small metro,10.18867924528302,0
DE,New Castle County,2,10003,10512,1012,Large fringe metro,9.627092846270928,0
DE,Sussex County,3,10005,5023,585,Medium metro,11.646426438383436,0
FL,Alachua County,3,12001,7634,1197,Medium metro,15.679853287922452,1
FL,Bay County,4,12005,4389,693,Small metro,15.789473684210526,1
FL,Brevard County,3,12009,15500,1644,Medium metro,10.606451612903225,0
FL,Broward County,2,12011,32724,4643,Large fringe metro,14.188363280772522,1
FL,Charlotte County,4,12015,5891,572,Small metro,9.70972670174843,0
FL,Citrus County,4,12017,5646,665,Small metro,11.778250088558272,0
FL,Clay County,2,12019,4848,713,Large fringe metro,14.707095709570957,1
FL,Collier County,3,12021,7684,914,Medium metro,11.894846434148882,0
FL,Columbia County,5,12023,2134,313,Micropolitan,14.667291471415183,1
FL,Duval County,1,12031,22011,3190,Large central metro,14.492753623188406,1
FL,Escambia County,3,12033,10107,1354,Medium metro,13.39665578312061,1
FL,Flagler County,3,12035,2918,265,Medium metro,9.0815627141878,0
FL,Hernando County,2,12053,6103,821,Large fringe metro,13.452400458790759,1
FL,Highlands County,4,12055,3782,533,Small metro,14.093072448439978,1
FL,Hillsborough County,1,12057,25733,2978,Large central metro,11.572688765398516,0
FL,Indian River County,4,12061,4491,444,Small metro,9.886439545758183,0
FL,Jackson County,6,12063,1150,144,Noncore,12.521739130434783,1
FL,Lake County,2,12069,8981,1095,Large fringe metro,12.192406190847345,1
FL,Lee County,3,12071,15868,1654,Medium metro,10.4234938240484,0
FL,Leon County,3,12073,6430,963,Medium metro,14.976671850699844,1
FL,Manatee County,3,12081,9162,1076,Medium metro,11.744160663610566,0
FL,Marion County,3,12083,11193,1549,Medium metro,13.83900652193335,1
FL,Martin County,3,12085,4246,580,Medium metro,13.65991521431936,1
FL,Miami-Dade County,1,12086,47108,7994,Large central metro,16.969516854886642,1
FL,Okaloosa County,4,12091,4150,524,Small metro,12.626506024096384,1
FL,Okeechobee County,5,12093,876,106,Micropolitan,12.100456621004566,1
FL,Orange County,1,12095,21474,2616,Large central metro,12.182173791561889,1
FL,Osceola County,2,12097,5738,918,Large fringe metro,15.998605785988149,1
FL,Palm Beach County,2,12099,32326,4162,Large fringe metro,12.875085070840807,1
FL,Pasco County,2,12101,13098,1399,Large fringe metro,10.6810200030539,0
FL,Pinellas County,1,12103,25745,2460,Large central metro,9.555253447271316,0
FL,Polk County,3,12105,15313,2108,Medium metro,13.766081107555673,1
FL,Putnam County,5,12107,1846,240,Micropolitan,13.001083423618635,1
FL,St. Johns County,2,12109,3465,231,Large fringe metro,6.666666666666667,0
FL,St. Lucie County,3,12111,7018,718,Medium metro,10.230834995725278,0
FL,Santa Rosa County,3,12113,2381,254,Medium metro,10.667786644267114,0
FL,Sarasota County,3,12115,12439,1401,Medium metro,11.262963260712276,0
FL,Seminole County,2,12117,6952,656,Large fringe metro,9.4361334867664,0
FL,Sumter County,4,12119,4646,444,Small metro,9.556607834696514,0
FL,Volusia County,3,12127,15520,1527,Medium metro,9.838917525773196,0
FL,Walton County,4,12131,1340,152,Small metro,11.343283582089553,0
GA,Baldwin County,5,13009,957,157,Micropolitan,16.405433646812956,1
GA,Bartow County,2,13015,2087,234,Large fringe metro,11.212266411116435,0
GA,Bibb County,4,13021,5865,918,Small metro,15.65217391304348,1
GA,Bulloch County,5,13031,1389,220,Micropolitan,15.83873290136789,1
GA,Carroll County,2,13045,2757,450,Large fringe metro,16.32208922742111,1
GA,Chatham County,3,13051,7445,981,Medium metro,13.176628609805238,1
GA,Cherokee County,2,13057,2910,296,Large fringe metro,10.171821305841924,0
GA,Clarke County,4,13059,3421,550,Small metro,16.077170418006432,1
GA,Clayton County,2,13063,2713,250,Large fringe metro,9.214891264283082,0
GA,Cobb County,2,13067,11174,1281,Large fringe metro,11.464113119742258,0
GA,Coffee County,5,13069,858,187,Micropolitan,21.794871794871796,1
GA,Colquitt County,5,13071,1073,167,Micropolitan,15.563839701770737,1
GA,Coweta County,2,13077,2287,321,Large fringe metro,14.035854831657193,1
GA,Crisp County,5,13081,672,121,Micropolitan,18.00595238095238,1
GA,DeKalb County,2,13089,10050,902,Large fringe metro,8.975124378109452,0
GA,Dodge County,6,13091,454,111,Noncore,24.44933920704846,1
GA,Dougherty County,4,13095,2866,542,Small metro,18.911374738311235,1
GA,Douglas County,2,13097,1524,162,Large fringe metro,10.62992125984252,0
GA,Fayette County,2,13113,2215,373,Large fringe metro,16.83972911963883,1
GA,Floyd County,4,13115,3597,639,Small metro,17.764804003336113,1
GA,Forsyth County,2,13117,3245,351,Large fringe metro,10.816640986132512,0
GA,Fulton County,1,13121,18440,2128,Large central metro,11.540130151843817,0
GA,Glynn County,4,13127,2369,394,Small metro,16.631490080202617,1
GA,Gordon County,5,13129,1126,192,Micropolitan,17.05150976909414,1
GA,Gwinnett County,2,13135,8656,1021,Large fringe metro,11.7952865064695,0
GA,Hall County,4,13139,5848,1127,Small metro,19.27154582763338,1
GA,Henry County,2,13151,3922,508,Large fringe metro,12.952575216726158,1
GA,Houston County,4,13153,2743,358,Small metro,13.051403572730589,1
GA,Laurens County,5,13175,1659,278,Micropolitan,16.75708257986739,1
GA,Lowndes County,4,13185,2478,442,Small metro,17.836965294592414,1
GA,Muscogee County,3,13215,5852,926,Medium metro,15.823650034176351,1
GA,Newton County,2,13217,1555,215,Large fringe metro,13.826366559485532,1
GA,Paulding County,2,13223,1535,191,Large fringe metro,12.44299674267101,1
GA,Pickens County,2,13227,809,134,Large fringe metro,16.563658838071692,1
GA,Richmond County,3,13245,7979,1460,Medium metro,18.298032334879057,1
GA,Rockdale County,2,13247,1670,226,Large fringe metro,13.532934131736527,1
GA,Spalding County,2,13255,2389,343,Large fringe metro,14.357471745500208,1
GA,Sumter County,5,13261,727,113,Micropolitan,15.543328748280604,1
GA,Thomas County,5,13275,1486,254,Micropolitan,17.092866756393,1
GA,Tift County,5,13277,1316,303,Micropolitan,23.024316109422493,1
GA,Toombs County,5,13279,1064,204,Micropolitan,19.172932330827066,1
GA,Troup County,5,13285,1751,326,Micropolitan,18.617932609937178,1
GA,Union County,6,13291,668,102,Noncore,15.269461077844312,1
GA,Upson County,5,13293,1125,241,Micropolitan,21.422222222222224,1
GA,Walton County,2,13297,1813,258,Large fringe metro,14.230557087699944,1
GA,Ware County,5,13299,1272,260,Micropolitan,20.440251572327046,1
GA,Wayne County,5,13305,757,151,Micropolitan,19.947159841479525,1
GA,Whitfield County,4,13313,1922,320,Small metro,16.64932362122789,1
HI,Hawaii County,5,15001,3263,117,Micropolitan,3.5856573705179287,0
HI,Honolulu County,3,15003,15208,655,Medium metro,4.306943713834824,0
IA,Black Hawk County,4,19013,2856,418,Small metro,14.635854341736696,1
IA,Cerro Gordo County,5,19033,1424,190,Micropolitan,13.342696629213483,1
IA,Clinton County,5,19045,885,105,Micropolitan,11.864406779661017,0
IA,Des Moines County,5,19057,989,109,Micropolitan,11.02123356926188,0
IA,Dubuque County,4,19061,1889,264,Small metro,13.975648491265218,1
IA,Johnson County,4,19103,3698,401,Small metro,10.843699296917253,0
IA,Linn County,3,19113,3977,464,Medium metro,11.66708574302238,0
IA,Polk County,3,19153,9682,1138,Medium metro,11.753769882255732,0
IA,Pottawattamie County,3,19155,1869,214,Medium metro,11.449973247726057,0
IA,Scott County,3,19163,3561,319,Medium metro,8.958157820836844,0
IA,Webster County,5,19187,1032,138,Micropolitan,13.372093023255813,1
IA,Woodbury County,4,19193,2512,407,Small metro,16.202229299363058,1
ID,Ada County,3,16001,8079,1026,Medium metro,12.699591533605645,1
ID,Bannock County,4,16005,1620,187,Small metro,11.54320987654321,0
ID,Bonneville County,4,16019,2394,313,Small metro,13.074352548036758,1
ID,Canyon County,3,16027,3087,403,Medium metro,13.054745707806934,1
ID,Kootenai County,4,16055,3568,407,Small metro,11.40695067264574,0
ID,Twin Falls County,5,16083,1903,298,Micropolitan,15.659485023646875,1
IL,Adams County,5,17001,1957,273,Micropolitan,13.949923352069494,1
IL,Champaign County,4,17019,3706,394,Small metro,10.631408526713438,0
IL,Coles County,5,17029,1133,140,Micropolitan,12.35657546337158,1
IL,Cook County,1,17031,87249,11250,Large central metro,12.894130591754632,1
IL,DeKalb County,2,17037,1489,138,Large fringe metro,9.267965077233043,0
IL,DuPage County,2,17043,13723,1310,Large fringe metro,9.546017634627997,0
IL,Jackson County,4,17077,1218,187,Small metro,15.353037766830871,1
IL,Jefferson County,5,17081,1137,181,Micropolitan,15.919085312225153,1
IL,Kane County,2,17089,6933,835,Large fringe metro,12.04384826193567,0
IL,Kankakee County,4,17091,2431,244,Small metro,10.037021801727684,0
IL,Knox County,5,17095,1256,175,Micropolitan,13.93312101910828,1
IL,Lake County,2,17097,10291,939,Large fringe metro,9.124477698960257,0
IL,La Salle County,5,17099,2011,219,Micropolitan,10.890104425658876,0
IL,McHenry County,2,17111,3244,241,Large fringe metro,7.429099876695437,0
IL,McLean County,4,17113,2620,311,Small metro,11.870229007633588,0
IL,Macon County,4,17115,2505,278,Small metro,11.097804391217565,0
IL,Madison County,2,17119,5196,524,Large fringe metro,10.0846805234796,0
IL,Marion County,5,17121,937,101,Micropolitan,10.779082177161152,0
IL,Morgan County,5,17137,732,106,Micropolitan,14.48087431693989,1
IL,Peoria County,3,17143,5984,811,Medium metro,13.552807486631016,1
IL,Rock Island County,3,17161,3010,339,Medium metro,11.262458471760798,0
IL,St. Clair County,2,17163,4921,574,Large fringe metro,11.66429587482219,0
IL,Sangamon County,4,17167,5167,517,Small metro,10.00580607702729,0
IL,Stephenson County,5,17177,1069,108,Micropolitan,10.102899906454631,0
IL,Tazewell County,3,17179,1973,145,Medium metro,7.349214394323365,0
IL,Vermilion County,4,17183,1585,131,Small metro,8.264984227129338,0
IL,Whiteside County,5,17195,1281,195,Micropolitan,15.22248243559719,1
IL,Will County,2,17197,8945,918,Large fringe metro,10.262716601453326,0
IL,Williamson County,4,17199,1755,205,Small metro,11.68091168091168,0
IL,Winnebago County,3,17201,6609,667,Medium metro,10.092298380995611,0
IN,Allen County,3,18003,9270,1231,Medium metro,13.279395900755125,1
IN,Bartholomew County,4,18005,1746,234,Small metro,13.402061855670103,1
IN,Boone County,2,18011,932,111,Large fringe metro,11.909871244635193,0
IN,Clark County,2,18019,2085,209,Large fringe metro,10.023980815347722,0
IN,Dearborn County,2,18029,820,102,Large fringe metro,12.439024390243903,1
IN,Delaware County,4,18035,3026,337,Small metro,11.136814276272307,0
IN,Dubois County,5,18037,987,122,Micropolitan,12.360688956433636,1
IN,Elkhart County,4,18039,3663,530,Small metro,14.469014469014468,1
IN,Floyd County,2,18043,2200,313,Large fringe metro,14.227272727272727,1
IN,Grant County,5,18053,1497,166,Micropolitan,11.088844355377422,0
IN,Hamilton County,2,18057,3954,446,Large fringe metro,11.2797167425392,0
IN,Hancock County,2,18059,1237,138,Large fringe metro,11.156022635408245,0
IN,Hendricks County,2,18063,2995,439,Large fringe metro,14.657762938230384,1
IN,Howard County,4,18067,2234,303,Small metro,13.563115487914054,1
IN,Johnson County,2,18081,2283,234,Large fringe metro,10.249671484888305,0
IN,Knox County,5,18083,1046,169,Micropolitan,16.156787762906312,1
IN,Lake County,2,18089,11958,1437,Large fringe metro,12.017059708981435,0
IN,LaPorte County,4,18091,2348,239,Small metro,10.178875638841568,0
IN,Madison County,2,18095,2862,369,Large fringe metro,12.89308176100629,1
IN,Marion County,1,18097,21978,2762,Large central metro,12.567112567112568,1
IN,Marshall County,5,18099,808,104,Micropolitan,12.871287128712872,1
IN,Monroe County,4,18105,2632,319,Small metro,12.120060790273557,1
IN,Porter County,2,18127,3179,293,Large fringe metro,9.216734822271153,0
IN,St. Joseph County,3,18141,5949,604,Medium metro,10.152966885190787,0
IN,Shelby County,2,18145,800,106,Large fringe metro,13.25,1
IN,Tippecanoe County,4,18157,3094,400,Small metro,12.928248222365871,1
IN,Vanderburgh County,3,18163,5506,725,Medium metro,13.167453686887033,1
IN,Vigo County,4,18167,2977,398,Small metro,13.369163587504199,1
IN,Warrick County,3,18173,2094,362,Medium metro,17.28748806112703,1
IN,Wayne County,5,18177,2190,331,Micropolitan,15.114155251141554,1
KS,Crawford County,5,20037,924,121,Micropolitan,13.095238095238097,1
KS,Ellis County,5,20051,717,144,Micropolitan,20.0836820083682,1
KS,Finney County,5,20055,550,109,Micropolitan,19.818181818181817,1
KS,Johnson County,2,20091,8697,974,Large fringe metro,11.19926411406232,0
KS,Reno County,5,20155,1484,184,Micropolitan,12.398921832884097,1
KS,Saline County,5,20169,1381,210,Micropolitan,15.206372194062274,1
KS,Sedgwick County,3,20173,11547,1279,Medium metro,11.076470078808349,0
KS,Shawnee County,4,20177,4575,595,Small metro,13.005464480874318,1
KS,Wyandotte County,2,20209,4062,589,Large fringe metro,14.500246184145741,1
KY,Barren County,5,21009,1186,196,Micropolitan,16.526138279932546,1
KY,Boone County,2,21015,1553,143,Large fringe metro,9.207984546039922,0
KY,Boyd County,3,21019,2331,306,Medium metro,13.127413127413126,1
KY,Boyle County,5,21021,1127,243,Micropolitan,21.56166814551908,1
KY,Campbell County,2,21037,1549,260,Large fringe metro,16.785022595222724,1
KY,Christian County,3,21047,1064,116,Medium metro,10.902255639097744,0
KY,Daviess County,4,21059,2669,395,Small metro,14.79955039340577,1
KY,Fayette County,3,21067,9723,921,Medium metro,9.47238506633755,0
KY,Franklin County,5,21073,1152,125,Micropolitan,10.850694444444445,0
KY,Graves County,5,21083,826,114,Micropolitan,13.801452784503631,1
KY,Hardin County,4,21093,2304,299,Small metro,12.977430555555555,1
KY,Hopkins County,5,21107,1361,218,Micropolitan,16.017634092578987,1
KY,Jefferson County,1,21111,21146,2366,Large central metro,11.188877329045683,0
KY,Kenton County,2,21117,3536,246,Large fringe metro,6.957013574660634,0
KY,Laurel County,5,21125,1310,142,Micropolitan,10.839694656488549,0
KY,McCracken County,5,21145,2796,433,Micropolitan,15.486409155937054,1
KY,Madison County,5,21151,1629,140,Micropolitan,8.594229588704728,0
KY,Perry County,6,21193,1713,167,Noncore,9.748978400467017,0
KY,Pike County,6,21195,2508,350,Noncore,13.955342902711324,1
KY,Pulaski County,5,21199,1856,212,Micropolitan,11.422413793103448,0
KY,Warren County,4,21227,3288,508,Small metro,15.450121654501217,1
KY,Whitley County,5,21235,1074,171,Micropolitan,15.921787709497206,1
LA,Acadia Parish,3,22001,1201,127,Medium metro,10.574521232306411,0
LA,Bossier Parish,3,22015,2026,249,Medium metro,12.290227048371175,1
LA,Caddo Parish,3,22017,8116,1434,Medium metro,17.66880236569739,1
LA,Calcasieu Parish,4,22019,4231,580,Small metro,13.708343181281021,1
LA,East Baton Rouge Parish,3,22033,11821,1900,Medium metro,16.073090263091107,1
LA,Iberia Parish,3,22045,1425,131,Medium metro,9.192982456140351,0
LA,Jefferson Parish,2,22051,10780,1539,Large fringe metro,14.276437847866418,1
LA,Lafayette Parish,3,22055,5573,726,Medium metro,13.027094921945093,1
LA,Lafourche Parish,4,22057,1855,271,Small metro,14.609164420485174,1
LA,Lincoln Parish,5,22061,928,103,Micropolitan,11.099137931034484,0
LA,Natchitoches Parish,5,22069,741,101,Micropolitan,13.630229419703104,1
LA,Orleans Parish,1,22071,7872,721,Large central metro,9.159044715447154,0
LA,Ouachita Parish,4,22073,4190,830,Small metro,19.809069212410503,1
LA,Rapides Parish,4,22079,4278,671,Small metro,15.684899485741,1
LA,St. Landry Parish,5,22097,1929,257,Micropolitan,13.32296526697771,1
LA,St. Mary Parish,5,22101,952,135,Micropolitan,14.180672268907562,1
LA,St. Tammany Parish,2,22103,5470,736,Large fringe metro,13.455210237659966,1
LA,Tangipahoa Parish,4,22105,2713,421,Small metro,15.51787688905271,1
LA,Terrebonne Parish,4,22109,2099,229,Small metro,10.909957122439257,0
MA,Barnstable County,4,25001,5365,353,Small metro,6.57968313140727,0
MA,Berkshire County,4,25003,2953,251,Small metro,8.499830680663733,0
MA,Bristol County,2,25005,9895,1276,Large fringe metro,12.895401718039414,1
MA,Essex County,2,25009,13510,1724,Large fringe metro,12.760917838638045,1
MA,Hampden County,3,25013,10355,1321,Medium metro,12.75712216320618,1
MA,Hampshire County,3,25015,2191,200,Medium metro,9.128251939753538,0
MA,Middlesex County,2,25017,21547,2977,Large fringe metro,13.816308534830835,1
MA,Norfolk County,2,25021,9979,1104,Large fringe metro,11.063232788856599,0
MA,Plymouth County,2,25023,8718,1002,Large fringe metro,11.493461803165864,0
MA,Suffolk County,1,25025,16506,2206,Large central metro,13.364837028959167,1
MA,Worcester County,3,25027,14463,1851,Medium metro,12.798174652561709,1
MD,Allegany County,4,24001,2072,301,Small metro,14.527027027027026,1
MD,Anne Arundel County,2,24003,8894,853,Large fringe metro,9.590735327186868,0
MD,Baltimore County,2,24005,16110,1681,Large fringe metro,10.434512725015518,0
MD,Carroll County,2,24013,3228,310,Large fringe metro,9.603469640644361,0
MD,Cecil County,2,24015,1880,187,Large fringe metro,9.946808510638299,0
MD,Charles County,2,24017,2003,193,Large fringe metro,9.63554667998003,0
MD,Frederick County,2,24021,3643,347,Large fringe metro,9.525116662091683,0
MD,Harford County,2,24025,4067,307,Large fringe metro,7.548561593312024,0
MD,Howard County,2,24027,3342,225,Large fringe metro,6.732495511669659,0
MD,Montgomery County,2,24031,14532,2232,Large fringe metro,15.359207266721716,1
MD,Prince George's County,2,24033,11023,1456,Large fringe metro,13.2087453506305,1
MD,St. Mary's County,4,24037,1608,166,Small metro,10.323383084577115,0
MD,Washington County,3,24043,3518,417,Medium metro,11.853325753268903,0
MD,Wicomico County,3,24045,2870,353,Medium metro,12.29965156794425,1
MD,Worcester County,3,24047,1260,119,Medium metro,9.444444444444445,0
MD,Baltimore city,1,24510,17532,1811,Large central metro,10.329682865617157,0
ME,Androscoggin County,4,23001,2701,132,Small metro,4.8870788596815995,0
ME,Cumberland County,3,23005,7195,343,Medium metro,4.767199444058374,0
ME,Penobscot County,4,23019,4036,236,Small metro,5.847373637264618,0
ME,York County,3,23031,2804,150,Medium metro,5.349500713266762,0
MI,Bay County,4,26017,2924,369,Small metro,12.619699042407662,1
MI,Berrien County,4,26021,3201,310,Small metro,9.684473601999375,0
MI,Calhoun County,4,26025,3042,244,Small metro,8.021038790269559,0
MI,Emmet County,6,26047,1137,106,Noncore,9.32277924362357,0
MI,Genesee County,3,26049,9635,963,Medium metro,9.994810586403737,0
MI,Grand Traverse County,5,26055,2768,227,Micropolitan,8.20086705202312,0
MI,Gratiot County,5,26057,896,114,Micropolitan,12.723214285714285,1
MI,Ingham County,3,26065,6142,621,Medium metro,10.110713122761315,0
MI,Jackson County,4,26075,3630,360,Small metro,9.917355371900827,0
MI,Kalamazoo County,3,26077,5977,647,Medium metro,10.824828509285595,0
MI,Kent County,1,26081,12000,1154,Large central metro,9.616666666666667,0
MI,Lapeer County,2,26087,1659,188,Large fringe metro,11.33212778782399,0
MI,Lenawee County,5,26091,1721,123,Micropolitan,7.147007553747821,0
MI,Livingston County,2,26093,2408,102,Large fringe metro,4.235880398671096,0
MI,Macomb County,2,26099,15168,1646,Large fringe metro,10.851793248945148,0
MI,Marquette County,5,26103,1547,122,Micropolitan,7.88623141564318,0
MI,Midland County,4,26111,1918,151,Small metro,7.872784150156413,0
MI,Monroe County,4,26115,2321,148,Small metro,6.376561826798794,0
MI,Muskegon County,4,26121,3734,408,Small metro,10.926620246384575,0
MI,Oakland County,2,26125,25425,3272,Large fringe metro,12.869223205506392,1
MI,Ottawa County,2,26139,3685,323,Large fringe metro,8.765264586160109,0
MI,Saginaw County,4,26145,5365,810,Small metro,15.097856477166822,1
MI,St. Clair County,2,26147,3458,423,Large fringe metro,12.232504337767496,1
MI,Washtenaw County,3,26161,7346,693,Medium metro,9.433705417914512,0
MI,Wayne County,1,26163,37621,4606,Large central metro,12.243162063740996,1
MN,Anoka County,2,27003,4322,552,Large fringe metro,12.771864877371586,1
MN,Dakota County,2,27037,4172,315,Large fringe metro,7.550335570469799,0
MN,Hennepin County,1,27053,20994,2393,Large central metro,11.398494808040391,0
MN,Olmsted County,4,27109,3923,277,Small metro,7.060922763191435,0
MN,Ramsey County,1,27123,10492,1347,Large central metro,12.83835303088067,1
MN,St. Louis County,3,27137,5339,475,Medium metro,8.896797153024911,0
MN,Stearns County,4,27145,3312,421,Small metro,12.711352657004833,1
MN,Washington County,2,27163,2875,240,Large fringe metro,8.347826086956523,0
MN,Wright County,2,27171,1312,103,Large fringe metro,7.850609756097561,0
MO,Boone County,4,29019,4408,535,Small metro,12.137023593466424,1
MO,Buchanan County,4,29021,2301,302,Small metro,13.124728378965667,1
MO,Butler County,5,29023,1387,160,Micropolitan,11.535688536409516,0
MO,Camden County,6,29029,1282,190,Noncore,14.82059282371295,1
MO,Cape Girardeau County,4,29031,2815,344,Small metro,12.2202486678508,1
MO,Clay County,2,29047,4774,662,Large fringe metro,13.866778382907416,1
MO,Cole County,4,29051,1945,377,Small metro,19.383033419023135,1
MO,Franklin County,2,29071,1862,209,Large fringe metro,11.224489795918368,0
MO,Greene County,3,29077,9256,1513,Medium metro,16.346153846153847,1
MO,Howell County,5,29091,1178,153,Micropolitan,12.98811544991511,1
MO,Jackson County,1,29095,15842,1635,Large central metro,10.32066658250221,0
MO,Jasper County,4,29097,1643,105,Small metro,6.3907486305538646,0
MO,Jefferson County,2,29099,3118,269,Large fringe metro,8.627325208466965,0
MO,Marion County,5,29127,777,120,Micropolitan,15.444015444015443,1
MO,Newton County,4,29145,3246,623,Small metro,19.192852741836106,1
MO,Pettis County,5,29159,895,115,Micropolitan,12.849162011173185,1
MO,Phelps County,5,29161,1168,187,Micropolitan,16.01027397260274,1
MO,Platte County,2,29165,1232,117,Large fringe metro,9.496753246753247,0
MO,Polk County,3,29167,753,115,Medium metro,15.272244355909695,1
MO,St. Charles County,2,29183,5999,688,Large fringe metro,11.468578096349392,0
MO,St. Francois County,5,29187,1466,108,Micropolitan,7.3669849931787175,0
MO,St. Louis County,2,29189,25184,3067,Large fringe metro,12.178367217280814,1
MO,Scott County,5,29201,930,116,Micropolitan,12.473118279569892,1
MO,Taney County,5,29213,1234,102,Micropolitan,8.26580226904376,0
MO,St. Louis city,1,29510,9339,850,Large central metro,9.101616875468466,0
MS,Adams County,5,28001,772,133,Micropolitan,17.2279792746114,1
MS,Alcorn County,5,28003,1190,184,Micropolitan,15.46218487394958,1
MS,DeSoto County,2,28033,3458,634,Large fringe metro,18.334297281665705,1
MS,Forrest County,4,28035,3162,624,Small metro,19.734345351043643,1
MS,Harrison County,3,28047,5078,628,Medium metro,12.367073651043718,1
MS,Hinds County,3,28049,9324,1580,Medium metro,16.945516945516946,1
MS,Jackson County,3,28059,3103,425,Medium metro,13.69642281662907,1
MS,Jones County,5,28067,1537,226,Micropolitan,14.703968770331816,1
MS,Lafayette County,5,28071,1592,362,Micropolitan,22.738693467336685,1
MS,Lamar County,4,28073,1157,208,Small metro,17.97752808988764,1
MS,Lauderdale County,5,28075,2877,647,Micropolitan,22.488703510601322,1
MS,Lee County,5,28081,4179,713,Micropolitan,17.06149796602058,1
MS,Leflore County,5,28083,976,202,Micropolitan,20.69672131147541,1
MS,Lincoln County,5,28085,840,137,Micropolitan,16.30952380952381,1
MS,Lowndes County,5,28087,1620,331,Micropolitan,20.432098765432098,1
MS,Madison County,3,28089,1918,177,Medium metro,9.228362877997915,0
MS,Monroe County,6,28095,753,127,Noncore,16.865869853917662,1
MS,Oktibbeha County,5,28105,666,124,Micropolitan,18.61861861861862,1
MS,Pearl River County,5,28109,1135,105,Micropolitan,9.251101321585903,0
MS,Pike County,5,28113,1074,156,Micropolitan,14.52513966480447,1
MS,Rankin County,3,28121,2091,233,Medium metro,11.142993782879005,0
MS,Warren County,5,28149,1224,227,Micropolitan,18.545751633986928,1
MS,Washington County,5,28151,1391,211,Micropolitan,15.168943206326386,1
MT,Cascade County,4,30013,2253,279,Small metro,12.383488681757656,1
MT,Flathead County,5,30029,2275,216,Micropolitan,9.494505494505495,0
MT,Lewis and Clark County,5,30049,1280,119,Micropolitan,9.296875,0
MT,Missoula County,4,30063,2128,206,Small metro,9.680451127819548,0
MT,Yellowstone County,4,30111,4316,677,Small metro,15.685820203892492,1
NC,Alamance County,4,37001,2944,203,Small metro,6.895380434782608,0
NC,Beaufort County,5,37013,876,110,Micropolitan,12.557077625570775,1
NC,Brunswick County,3,37019,2226,133,Medium metro,5.9748427672955975,0
NC,Buncombe County,3,37021,6679,696,Medium metro,10.420721664919897,0
NC,Burke County,3,37023,1749,242,Medium metro,13.836477987421384,1
NC,Cabarrus County,2,37025,3596,495,Large fringe metro,13.765294771968856,1
NC,Caldwell County,3,37027,1566,182,Medium metro,11.621966794380588,0
NC,Catawba County,3,37035,3621,536,Medium metro,14.802540734603701,1
NC,Cleveland County,5,37045,2070,333,Micropolitan,16.08695652173913,1
NC,Columbus County,6,37047,1154,106,Noncore,9.185441941074524,0
NC,Craven County,4,37049,2123,221,Small metro,10.409797456429581,0
NC,Cumberland County,3,37051,5294,576,Medium metro,10.880241783150737,0
NC,Davidson County,3,37057,2711,232,Medium metro,8.557727775728512,0
NC,Durham County,3,37063,6106,534,Medium metro,8.745496233213233,0
NC,Edgecombe County,4,37065,985,125,Small metro,12.690355329949238,1
NC,Forsyth County,3,37067,9760,1095,Medium metro,11.219262295081968,0
NC,Gaston County,2,37071,4467,605,Large fringe metro,13.54376539064249,1
NC,Guilford County,3,37081,10493,1227,Medium metro,11.6935099590203,0
NC,Halifax County,5,37083,974,117,Micropolitan,12.012320328542096,0
NC,Harnett County,5,37085,1619,188,Micropolitan,11.612106238418777,0
NC,Haywood County,3,37087,1176,116,Medium metro,9.863945578231291,0
NC,Henderson County,3,37089,2620,257,Medium metro,9.80916030534351,0
NC,Iredell County,2,37097,2889,358,Large fringe metro,12.391831083419868,1
NC,Johnston County,2,37101,2528,211,Large fringe metro,8.346518987341772,0
NC,Lenoir County,5,37107,1135,162,Micropolitan,14.273127753303966,1
NC,Lincoln County,2,37109,1094,133,Large fringe metro,12.157221206581353,1
NC,Mecklenburg County,1,37119,14496,1849,Large central metro,12.755242825607063,1
NC,Moore County,5,37125,2693,450,Micropolitan,16.709988860007428,1
NC,Nash County,4,37127,1798,231,Small metro,12.847608453837598,1
NC,New Hanover County,3,37129,5486,497,Medium metro,9.059423988333942,0
NC,Onslow County,4,37133,1767,183,Small metro,10.35653650254669,0
NC,Orange County,3,37135,2661,350,Medium metro,13.152950018789927,1
NC,Pasquotank County,5,37139,981,151,Micropolitan,15.392456676860347,1
NC,Pitt County,4,37147,4397,498,Small metro,11.325904025471912,0
NC,Randolph County,3,37151,2317,174,Medium metro,7.509710832973673,0
NC,Richmond County,5,37153,893,107,Micropolitan,11.98208286674132,0
NC,Robeson County,5,37155,2378,270,Micropolitan,11.35407905803196,0
NC,Rockingham County,3,37157,1978,142,Medium metro,7.17896865520728,0
NC,Rowan County,2,37159,2861,383,Large fringe metro,13.386927647675636,1
NC,Rutherford County,5,37161,1468,195,Micropolitan,13.283378746594005,1
NC,Scotland County,5,37165,1018,194,Micropolitan,19.05697445972495,1
NC,Surry County,5,37171,1868,252,Micropolitan,13.49036402569593,1
NC,Union County,2,37179,2640,320,Large fringe metro,12.121212121212121,1
NC,Vance County,5,37181,920,124,Micropolitan,13.478260869565217,1
NC,Wake County,1,37183,12418,1299,Large central metro,10.460621678209051,0
NC,Wayne County,4,37191,2848,337,Small metro,11.832865168539326,0
NC,Wilkes County,5,37193,1226,141,Micropolitan,11.500815660685156,0
NC,Wilson County,5,37195,1567,201,Micropolitan,12.827058072750477,1
ND,Burleigh County,4,38015,2317,338,Small metro,14.587829089339662,1
ND,Cass County,4,38017,4171,623,Small metro,14.936466075281707,1
ND,Grand Forks County,4,38035,1270,144,Small metro,11.338582677165354,0
ND,Ward County,5,38101,1405,250,Micropolitan,17.793594306049823,1
NE,Buffalo County,5,31019,1023,145,Micropolitan,14.173998044965789,1
NE,Douglas County,3,31055,10551,1194,Medium metro,11.31646289451237,0
NE,Hall County,4,31079,1116,151,Small metro,13.530465949820789,1
NE,Lancaster County,3,31109,5525,538,Medium metro,9.737556561085974,0
NE,Lincoln County,5,31111,858,110,Micropolitan,12.82051282051282,1
NE,Scotts Bluff County,5,31157,887,131,Micropolitan,14.768883878241262,1
NH,Belknap County,5,33001,1226,116,Micropolitan,9.461663947797716,0
NH,Hillsborough County,3,33011,6882,688,Medium metro,9.99709386806161,0
NH,Merrimack County,5,33013,2923,136,Micropolitan,4.652754019842628,0
NH,Rockingham County,2,33015,4325,243,Large fringe metro,5.618497109826589,0
NH,Strafford County,2,33017,2292,108,Large fringe metro,4.712041884816754,0
NJ,Atlantic County,3,34001,5923,689,Medium metro,11.632618605436434,0
NJ,Bergen County,2,34003,16512,3265,Large fringe metro,19.773498062015506,1
NJ,Burlington County,2,34005,7010,834,Large fringe metro,11.897289586305277,0
NJ,Camden County,2,34007,12078,1431,Large fringe metro,11.847988077496275,0
NJ,Cape May County,4,34009,2171,176,Small metro,8.106863196683555,0
NJ,Cumberland County,4,34011,3081,409,Small metro,13.274910743265172,1
NJ,Essex County,1,34013,14973,3189,Large central metro,21.298337006611902,1
NJ,Gloucester County,2,34015,5250,643,Large fringe metro,12.247619047619047,1
NJ,Hudson County,1,34017,7602,1770,Large central metro,23.283346487766376,1
NJ,Hunterdon County,2,34019,1573,179,Large fringe metro,11.379529561347743,0
NJ,Mercer County,3,34021,5849,886,Medium metro,15.147888527953496,1
NJ,Middlesex County,2,34023,14097,2526,Large fringe metro,17.918706107682485,1
NJ,Monmouth County,2,34025,12566,1781,Large fringe metro,14.173165685182237,1
NJ,Morris County,2,34027,9803,1624,Large fringe metro,16.56635723758033,1
NJ,Ocean County,2,34029,13452,1913,Large fringe metro,14.220933690157597,1
NJ,Passaic County,2,34031,7755,1638,Large fringe metro,21.121856866537716,1
NJ,Salem County,2,34033,1246,125,Large fringe metro,10.032102728731942,0
NJ,Somerset County,2,34035,4324,661,Large fringe metro,15.28677150786309,1
NJ,Sussex County,2,34037,2251,251,Large fringe metro,11.150599733451799,0
NJ,Union County,1,34039,8833,1686,Large central metro,19.087512736329675,1
NJ,Warren County,3,34041,1831,246,Medium metro,13.435281267067175,1
NM,Bernalillo County,3,35001,15164,1877,Medium metro,12.378000527565286,1
NM,Chaves County,5,35005,1285,179,Micropolitan,13.929961089494164,1
NM,Dona Ana County,4,35013,4028,529,Small metro,13.133068520357497,1
NM,Eddy County,5,35015,917,112,Micropolitan,12.213740458015266,1
NM,Lea County,5,35025,906,132,Micropolitan,14.56953642384106,1
NM,McKinley County,5,35031,1231,222,Micropolitan,18.034118602761982,1
NM,Sandoval County,3,35043,2781,484,Medium metro,17.40381157856886,1
NM,San Juan County,4,35045,2505,503,Small metro,20.079840319361278,1
NM,Santa Fe County,4,35049,2705,209,Small metro,7.726432532347505,0
NV,Clark County,1,32003,40201,6146,Large central metro,15.288176911022115,1
NV,Washoe County,3,32031,9736,1060,Medium metro,10.887428101889892,0
NV,Carson City,4,32510,2139,243,Small metro,11.360448807854137,0
NY,Albany County,3,36001,7785,761,Medium metro,9.775208734746307,0
NY,Bronx County,1,36005,26736,5896,Large central metro,22.052663076002393,1
NY,Broome County,4,36007,4718,546,Small metro,11.572700296735905,0
NY,Cattaraugus County,5,36009,1504,124,Micropolitan,8.24468085106383,0
NY,Cayuga County,5,36011,1363,101,Micropolitan,7.410124724871607,0
NY,Chautauqua County,5,36013,2373,189,Micropolitan,7.964601769911504,0
NY,Chemung County,4,36015,1862,207,Small metro,11.117078410311493,0
NY,Columbia County,5,36021,1197,131,Micropolitan,10.944026733500417,0
NY,Dutchess County,2,36027,5408,629,Large fringe metro,11.630917159763314,0
NY,Erie County,1,36029,20833,2536,Large central metro,12.172994767916286,1
NY,Fulton County,5,36035,1010,101,Micropolitan,10.0,0
NY,Genesee County,5,36037,1097,146,Micropolitan,13.309024612579762,1
NY,Kings County,1,36047,35958,8856,Large central metro,24.62873352244285,1
NY,Monroe County,1,36055,16097,1712,Large central metro,10.63552214698391,0
NY,Montgomery County,5,36057,1157,132,Micropolitan,11.408815903197926,0
NY,Nassau County,2,36059,25592,5076,Large fringe metro,19.834323226008127,1
NY,New York County,1,36061,30337,6068,Large central metro,20.001977782905364,1
NY,Niagara County,2,36063,4132,337,Large fringe metro,8.155856727976767,0
NY,Oneida County,3,36065,5390,681,Medium metro,12.634508348794062,1
NY,Onondaga County,3,36067,10899,1139,Medium metro,10.450500045875769,0
NY,Ontario County,2,36069,2028,165,Large fringe metro,8.136094674556213,0
NY,Orange County,2,36071,5791,956,Large fringe metro,16.508375064755658,1
NY,Otsego County,5,36077,1544,127,Micropolitan,8.22538860103627,0
NY,Putnam County,2,36079,993,101,Large fringe metro,10.171198388721049,0
NY,Queens County,1,36081,30547,7742,Large central metro,25.344551019740074,1
NY,Rensselaer County,3,36083,2795,164,Medium metro,5.867620751341682,0
NY,Richmond County,1,36085,8020,1721,Large central metro,21.458852867830423,1
NY,Rockland County,2,36087,4729,1017,Large fringe metro,21.505603721717065,1
NY,St. Lawrence County,5,36089,1787,128,Micropolitan,7.162842753217684,0
NY,Saratoga County,3,36091,2871,181,Medium metro,6.304423545802856,0
NY,Schenectady County,3,36093,3094,218,Medium metro,7.045895281189399,0
NY,Steuben County,5,36101,1791,165,Micropolitan,9.212730318257957,0
NY,Suffolk County,2,36103,27014,4733,Large fringe metro,17.520544902643074,1
NY,Ulster County,4,36111,2628,201,Small metro,7.648401826484018,0
NY,Warren County,4,36113,1813,131,Small metro,7.225592939878654,0
NY,Westchester County,2,36119,15228,3040,Large fringe metro,19.963225636984504,1
OH,Allen County,4,39003,2953,451,Small metro,15.272604131391804,1
OH,Ashland County,5,39005,988,112,Micropolitan,11.336032388663968,0
OH,Ashtabula County,5,39007,1978,178,Micropolitan,8.998988877654195,0
OH,Belmont County,4,39013,1114,103,Small metro,9.245960502692999,0
OH,Butler County,2,39017,6409,699,Large fringe metro,10.90653768138555,0
OH,Clark County,4,39023,3200,318,Small metro,9.9375,0
OH,Clermont County,2,39025,2398,168,Large fringe metro,7.005838198498749,0
OH,Columbiana County,5,39029,2116,229,Micropolitan,10.822306238185256,0
OH,Crawford County,5,39033,977,112,Micropolitan,11.463664278403275,0
OH,Cuyahoga County,1,39035,32375,3396,Large central metro,10.48957528957529,0
OH,Darke County,5,39037,991,104,Micropolitan,10.494450050454086,0
OH,Delaware County,2,39041,1776,107,Large fringe metro,6.024774774774775,0
OH,Erie County,5,39043,2152,242,Micropolitan,11.245353159851302,0
OH,Fairfield County,2,39045,2671,252,Large fringe metro,9.43466866342194,0
OH,Franklin County,1,39049,27232,2929,Large central metro,10.755728554641598,0
OH,Gallia County,5,39053,826,115,Micropolitan,13.922518159806296,1
OH,Geauga County,2,39055,1794,222,Large fringe metro,12.37458193979933,1
OH,Greene County,3,39057,2502,317,Medium metro,12.66986410871303,1
OH,Hamilton County,1,39061,20163,2121,Large central metro,10.519267966076477,0
OH,Hancock County,5,39063,1813,239,Micropolitan,13.182570325427466,1
OH,Holmes County,6,39075,667,123,Noncore,18.4407796101949,1
OH,Huron County,5,39077,1043,106,Micropolitan,10.162991371045061,0
OH,Jefferson County,4,39081,1699,172,Small metro,10.123602118893468,0
OH,Knox County,5,39083,1140,107,Micropolitan,9.385964912280702,0
OH,Lake County,2,39085,4059,378,Large fringe metro,9.312638580931264,0
OH,Licking County,2,39089,2959,252,Large fringe metro,8.516390672524501,0
OH,Lorain County,2,39093,5558,585,Large fringe metro,10.525368837711408,0
OH,Lucas County,3,39095,11502,1459,Medium metro,12.684750478177708,1
OH,Mahoning County,3,39099,7196,859,Medium metro,11.937187326292385,0
OH,Marion County,5,39101,1521,253,Micropolitan,16.63379355687048,1
OH,Medina County,2,39103,2464,206,Large fringe metro,8.36038961038961,0
OH,Miami County,3,39109,2022,219,Medium metro,10.83086053412463,0
OH,Montgomery County,3,39113,15635,1959,Medium metro,12.529581068116405,1
OH,Muskingum County,5,39119,2313,261,Micropolitan,11.284046692607005,0
OH,Pickaway County,2,39129,899,104,Large fringe metro,11.568409343715238,0
OH,Portage County,3,39133,2536,204,Medium metro,8.04416403785489,0
OH,Richland County,4,39139,2803,307,Small metro,10.952550838387442,0
OH,Ross County,5,39141,2037,258,Micropolitan,12.665684830633284,1
OH,Sandusky County,5,39143,1114,114,Micropolitan,10.23339317773788,0
OH,Scioto County,5,39145,2318,212,Micropolitan,9.1458153580673,0
OH,Stark County,3,39151,9488,1260,Medium metro,13.279932546374368,1
OH,Summit County,3,39153,12547,1280,Medium metro,10.201641826731489,0
OH,Trumbull County,3,39155,4134,441,Medium metro,10.667634252539914,0
OH,Tuscarawas County,5,39157,2126,296,Micropolitan,13.922859830667921,1
OH,Warren County,2,39165,3594,308,Large fringe metro,8.569838619922091,0
OH,Washington County,5,39167,1702,244,Micropolitan,14.336075205640423,1
OH,Wayne County,5,39169,2212,263,Micropolitan,11.889692585895117,0
OH,Wood County,3,39173,2305,159,Medium metro,6.898047722342733,0
OK,Bryan County,5,40013,1012,148,Micropolitan,14.624505928853754,1
OK,Canadian County,2,40017,1416,151,Large fringe metro,10.663841807909606,0
OK,Carter County,5,40019,1204,185,Micropolitan,15.365448504983389,1
OK,Cherokee County,5,40021,993,149,Micropolitan,15.005035246727088,1
OK,Cleveland County,2,40027,4087,557,Large fringe metro,13.628578419378517,1
OK,Comanche County,4,40031,2269,306,Small metro,13.486117232260908,1
OK,Delaware County,6,40041,923,117,Noncore,12.676056338028168,1
OK,Garfield County,5,40047,1487,240,Micropolitan,16.139878950907868,1
OK,Kay County,5,40071,959,130,Micropolitan,13.555787278415016,1
OK,Muskogee County,5,40101,1995,299,Micropolitan,14.987468671679197,1
OK,Oklahoma County,1,40109,21157,3108,Large central metro,14.69017346504703,1
OK,Payne County,5,40119,1087,108,Micropolitan,9.935602575896963,0
OK,Pittsburg County,5,40121,1205,173,Micropolitan,14.356846473029044,1
OK,Pontotoc County,5,40123,871,144,Micropolitan,16.532721010332953,1
OK,Pottawatomie County,5,40125,1694,215,Micropolitan,12.69185360094451,1
OK,Rogers County,3,40131,1403,121,Medium metro,8.624376336421953,0
OK,Stephens County,5,40137,1030,152,Micropolitan,14.757281553398057,1
OK,Tulsa County,3,40143,17694,2840,Medium metro,16.050638634565388,1
OK,Washington County,5,40147,1487,249,Micropolitan,16.745124411566913,1
OR,Clackamas County,2,41005,6544,321,Large fringe metro,4.9052567237163816,0
OR,Deschutes County,4,41017,3328,244,Small metro,7.331730769230769,0
OR,Douglas County,5,41019,2924,183,Micropolitan,6.258549931600547,0
OR,Jackson County,4,41029,4961,309,Small metro,6.228582946986495,0
OR,Josephine County,4,41033,2359,198,Small metro,8.393387028401865,0
OR,Klamath County,5,41035,1606,109,Micropolitan,6.787048567870485,0
OR,Lane County,3,41039,7762,302,Medium metro,3.8907498067508373,0
OR,Marion County,3,41047,5658,406,Medium metro,7.175680452456698,0
OR,Multnomah County,1,41051,13822,1089,Large central metro,7.878744031254521,0
OR,Washington County,2,41067,6972,432,Large fringe metro,6.196213425129088,0
PA,Adams County,4,42001,1644,153,Small metro,9.306569343065693,0
PA,Allegheny County,1,42003,32774,3095,Large central metro,9.44346128028315,0
PA,Armstrong County,2,42005,1212,118,Large fringe metro,9.735973597359736,0
PA,Beaver County,2,42007,3632,392,Large fringe metro,10.79295154185022,0
PA,Berks County,3,42011,7711,1029,Medium metro,13.344572688367268,1
PA,Blair County,4,42013,3820,472,Small metro,12.356020942408378,1
PA,Bradford County,5,42015,1816,182,Micropolitan,10.022026431718063,0
PA,Bucks County,2,42017,11652,1302,Large fringe metro,11.1740473738414,0
PA,Butler County,2,42019,3871,485,Large fringe metro,12.52906225781452,1
PA,Cambria County,4,42021,3532,481,Small metro,13.618346545866364,1
PA,Carbon County,3,42025,1186,127,Medium metro,10.708263069139965,0
PA,Centre County,4,42027,2119,249,Small metro,11.75082586125531,0
PA,Chester County,2,42029,8082,978,Large fringe metro,12.100965107646623,1
PA,Clearfield County,5,42033,1881,193,Micropolitan,10.260499734183945,0
PA,Crawford County,5,42039,1768,171,Micropolitan,9.671945701357467,0
PA,Cumberland County,3,42041,5198,714,Medium metro,13.73605232781839,1
PA,Dauphin County,3,42043,6860,828,Medium metro,12.06997084548105,0
PA,Delaware County,2,42045,9969,1387,Large fringe metro,13.913130705186077,1
PA,Erie County,3,42049,6593,606,Medium metro,9.19156681328682,0
PA,Fayette County,2,42051,2768,307,Large fringe metro,11.091040462427745,0
PA,Franklin County,4,42055,3227,441,Small metro,13.665943600867678,1
PA,Huntingdon County,5,42061,741,101,Micropolitan,13.630229419703104,1
PA,Indiana County,5,42063,1608,180,Micropolitan,11.194029850746269,0
PA,Lackawanna County,3,42069,5778,586,Medium metro,10.141917618553133,0
PA,Lancaster County,3,42071,10238,1230,Medium metro,12.014065247118578,0
PA,Lawrence County,5,42073,1993,200,Micropolitan,10.035122930255895,0
PA,Lebanon County,4,42075,2840,268,Small metro,9.43661971830986,0
PA,Lehigh County,3,42077,10140,1520,Medium metro,14.990138067061142,1
PA,Luzerne County,3,42079,7934,894,Medium metro,11.26796067557348,0
PA,Lycoming County,4,42081,2834,400,Small metro,14.114326040931546,1
PA,Mercer County,3,42085,2632,263,Medium metro,9.992401215805472,0
PA,Mifflin County,5,42087,1163,215,Micropolitan,18.486672398968185,1
PA,Monroe County,4,42089,2754,325,Small metro,11.801016702977488,0
PA,Montgomery County,2,42091,17025,2390,Large fringe metro,14.038179148311306,1
PA,Montour County,4,42093,2606,481,Small metro,18.457405986185726,1
PA,Northampton County,3,42095,5265,591,Medium metro,11.225071225071224,0
PA,Northumberland County,5,42097,1586,217,Micropolitan,13.682219419924339,1
PA,Philadelphia County,1,42101,31467,3748,Large central metro,11.910890774462136,0
PA,Schuylkill County,5,42107,3025,339,Micropolitan,11.206611570247933,0
PA,Somerset County,5,42111,1753,215,Micropolitan,12.26468910439247,1
PA,Union County,5,42119,925,154,Micropolitan,16.64864864864865,1
PA,Venango County,5,42121,1096,101,Micropolitan,9.215328467153284,0
PA,Washington County,2,42125,4680,347,Large fringe metro,7.414529914529915,0
PA,Westmoreland County,2,42129,7111,639,Large fringe metro,8.986077907467305,0
PA,York County,3,42133,8311,900,Medium metro,10.829021778366021,0
RI,Kent County,2,44003,2998,345,Large fringe metro,11.507671781187458,0
RI,Providence County,1,44007,13489,2198,Large central metro,16.294758692267774,1
RI,Washington County,2,44009,2038,147,Large fringe metro,7.212953876349363,0
SC,Aiken County,3,45003,3352,319,Medium metro,9.516706443914082,0
SC,Anderson County,3,45007,5041,670,Medium metro,13.291013687760364,1
SC,Beaufort County,4,45013,3144,252,Small metro,8.015267175572518,0
SC,Berkeley County,3,45015,2911,183,Medium metro,6.286499484713157,0
SC,Charleston County,3,45019,9791,1110,Medium metro,11.33694208967419,0
SC,Colleton County,6,45029,1104,160,Noncore,14.492753623188406,1
SC,Darlington County,4,45031,1263,202,Small metro,15.993665874901028,1
SC,Dorchester County,3,45035,1831,208,Medium metro,11.3599126160568,0
SC,Florence County,4,45041,6022,986,Small metro,16.37329790767187,1
SC,Georgetown County,5,45043,1957,275,Micropolitan,14.052120592743996,1
SC,Greenville County,3,45045,11135,1515,Medium metro,13.605747642568478,1
SC,Greenwood County,5,45047,2192,295,Micropolitan,13.458029197080293,1
SC,Horry County,3,45051,8615,919,Medium metro,10.667440510737086,0
SC,Kershaw County,3,45055,1246,126,Medium metro,10.112359550561797,0
SC,Lancaster County,2,45057,1562,171,Large fringe metro,10.947503201024327,0
SC,Laurens County,3,45059,1457,150,Medium metro,10.29512697323267,0
SC,Lexington County,3,45063,5789,660,Medium metro,11.40093280359302,0
SC,Oconee County,5,45073,1850,196,Micropolitan,10.594594594594595,0
SC,Orangeburg County,5,45075,2278,318,Micropolitan,13.95961369622476,1
SC,Pickens County,3,45077,1933,271,Medium metro,14.019658561821002,1
SC,Richland County,3,45079,8450,1038,Medium metro,12.284023668639053,1
SC,Spartanburg County,3,45083,8119,1356,Medium metro,16.701564232048284,1
SC,Sumter County,4,45085,2276,269,Small metro,11.818980667838312,0
SC,York County,2,45091,4245,410,Large fringe metro,9.65842167255595,0
SD,Brown County,5,46013,772,120,Micropolitan,15.544041450777202,1
SD,Minnehaha County,4,46099,5127,858,Small metro,16.73493270918666,1
SD,Pennington County,4,46103,2543,281,Small metro,11.049941014549743,0
TN,Anderson County,3,47001,2309,237,Medium metro,10.264183629276744,0
TN,Blount County,3,47009,2895,259,Medium metro,8.946459412780657,0
TN,Bradley County,4,47011,2327,245,Small metro,10.528577567683712,0
TN,Carter County,4,47019,1322,145,Small metro,10.968229954614221,0
TN,Cocke County,5,47029,975,123,Micropolitan,12.615384615384615,1
TN,Coffee County,5,47031,1250,108,Micropolitan,8.64,0
TN,Cumberland County,5,47035,1745,186,Micropolitan,10.659025787965616,0
TN,Davidson County,1,47037,19059,2672,Large central metro,14.019623275093132,1
TN,Dickson County,2,47043,1282,244,Large fringe metro,19.03276131045242,1
TN,Dyer County,5,47045,992,127,Micropolitan,12.80241935483871,1
TN,Franklin County,5,47051,961,102,Micropolitan,10.61394380853278,0
TN,Greene County,5,47059,1629,140,Micropolitan,8.594229588704728,0
TN,Hamblen County,4,47063,1843,241,Small metro,13.076505697232774,1
TN,Hamilton County,3,47065,11061,1379,Medium metro,12.467227194647862,1
TN,Jefferson County,4,47089,1276,160,Small metro,12.539184952978054,1
TN,Knox County,3,47093,13746,1494,Medium metro,10.868616324749018,0
TN,Madison County,4,47113,4485,932,Small metro,20.780379041248604,1
TN,Maury County,2,47119,2557,395,Large fringe metro,15.447790379350801,1
TN,Monroe County,6,47123,1025,107,Noncore,10.439024390243903,0
TN,Montgomery County,3,47125,2925,323,Medium metro,11.042735042735043,0
TN,Obion County,5,47131,732,108,Micropolitan,14.754098360655737,1
TN,Putnam County,5,47141,2492,360,Micropolitan,14.446227929373997,1
TN,Roane County,3,47145,1282,125,Medium metro,9.750390015600624,0
TN,Robertson County,2,47147,1286,129,Large fringe metro,10.031104199066874,0
TN,Rutherford County,2,47149,5607,870,Large fringe metro,15.516318887105404,1
TN,Sevier County,5,47155,1949,218,Micropolitan,11.185223191380194,0
TN,Shelby County,1,47157,22560,2624,Large central metro,11.631205673758865,0
TN,Sullivan County,3,47163,6553,796,Medium metro,12.147108194719976,1
TN,Sumner County,2,47165,3360,489,Large fringe metro,14.553571428571429,1
TN,Washington County,4,47179,4744,589,Small metro,12.415682967959528,1
TN,Williamson County,2,47187,2390,285,Large fringe metro,11.92468619246862,0
TN,Wilson County,2,47189,2018,221,Large fringe metro,10.951437066402377,0
TX,Anderson County,5,48001,1153,175,Micropolitan,15.177797051170858,1
TX,Angelina County,5,48005,2344,442,Micropolitan,18.85665529010239,1
TX,Atascosa County,2,48013,796,136,Large fringe metro,17.08542713567839,1
TX,Bell County,3,48027,6435,944,Medium metro,14.669774669774672,1
TX,Bexar County,1,48029,35809,6654,Large central metro,18.581920746181126,1
TX,Bowie County,4,48037,3286,631,Small metro,19.202678027997568,1
TX,Brazoria County,2,48039,4527,597,Large fringe metro,13.18754141815772,1
TX,Brazos County,4,48041,3369,662,Small metro,19.649747699614128,1
TX,Brown County,5,48049,1012,164,Micropolitan,16.205533596837945,1
TX,Burnet County,6,48053,932,123,Noncore,13.197424892703863,1
TX,Cameron County,3,48061,7704,2080,Medium metro,26.99896157840083,1
TX,Cherokee County,5,48073,917,145,Micropolitan,15.812431842966193,1
TX,Collin County,1,48085,12984,1854,Large central metro,14.279112754158966,1
TX,Comal County,2,48091,2929,449,Large fringe metro,15.329463980880847,1
TX,Dallas County,1,48113,36670,5224,Large central metro,14.245977638396509,1
TX,Denton County,2,48121,8640,1076,Large fringe metro,12.453703703703704,1
TX,Ector County,4,48135,3117,672,Small metro,21.559191530317612,1
TX,Ellis County,2,48139,2502,337,Large fringe metro,13.469224620303757,1
TX,El Paso County,3,48141,14570,3229,Medium metro,22.16197666437886,1
TX,Fort Bend County,2,48157,7299,850,Large fringe metro,11.645430880942595,0
TX,Galveston County,2,48167,5700,826,Large fringe metro,14.491228070175438,1
TX,Grayson County,4,48181,3829,696,Small metro,18.177069731000262,1
TX,Gregg County,4,48183,4145,871,Small metro,21.013268998793727,1
TX,Guadalupe County,2,48187,2027,250,Large fringe metro,12.333497779970399,1
TX,Hale County,5,48189,535,124,Micropolitan,23.177570093457945,1
TX,Harris County,1,48201,66714,9955,Large central metro,14.921905447132536,1
TX,Hays County,2,48209,2606,322,Large fringe metro,12.356101304681504,1
TX,Henderson County,5,48213,1777,177,Micropolitan,9.960607765897581,0
TX,Hidalgo County,3,48215,12523,3290,Medium metro,26.271660145332586,1
TX,Hood County,2,48221,1339,155,Large fringe metro,11.57580283793876,0
TX,Hopkins County,5,48223,909,167,Micropolitan,18.371837183718373,1
TX,Hunt County,2,48231,1847,270,Large fringe metro,14.618299945858148,1
TX,Jefferson County,3,48245,6851,1144,Medium metro,16.698292220113853,1
TX,Jim Wells County,5,48249,687,112,Micropolitan,16.302765647743815,1
TX,Johnson County,2,48251,2054,185,Large fringe metro,9.006815968841284,0
TX,Kaufman County,2,48257,1561,120,Large fringe metro,7.687379884689302,0
TX,Kerr County,5,48265,1415,129,Micropolitan,9.11660777385159,0
TX,Lamar County,5,48277,1578,269,Micropolitan,17.046894803548795,1
TX,Lubbock County,3,48303,8193,1773,Medium metro,21.640424752837788,1
TX,McLennan County,3,48309,5613,917,Medium metro,16.33707464813825,1
TX,Maverick County,5,48323,841,203,Micropolitan,24.137931034482758,1
TX,Midland County,4,48329,2505,446,Small metro,17.80439121756487,1
TX,Montgomery County,2,48339,11230,1702,Large fringe metro,15.155832591273374,1
TX,Nacogdoches County,5,48347,1539,323,Micropolitan,20.98765432098765,1
TX,Navarro County,5,48349,929,157,Micropolitan,16.89989235737352,1
TX,Nueces County,3,48355,8268,1536,Medium metro,18.57764876632801,1
TX,Parker County,2,48367,1827,172,Large fringe metro,9.414340448823207,0
TX,Potter County,3,48375,4933,1142,Medium metro,23.150212852219745,1
TX,Rockwall County,2,48397,1789,373,Large fringe metro,20.849636668529907,1
TX,Smith County,4,48423,8427,1685,Small metro,19.995253352319924,1
TX,Tarrant County,1,48439,33904,5440,Large central metro,16.04530438886267,1
TX,Taylor County,4,48441,3834,828,Small metro,21.5962441314554,1
TX,Titus County,5,48449,685,110,Micropolitan,16.05839416058394,1
TX,Tom Green County,4,48451,2864,527,Small metro,18.400837988826815,1
TX,Travis County,1,48453,14143,1790,Large central metro,12.656437813759458,1
TX,Val Verde County,5,48465,644,117,Micropolitan,18.16770186335404,1
TX,Victoria County,4,48469,2450,555,Small metro,22.653061224489797,1
TX,Walker County,5,48471,958,129,Micropolitan,13.465553235908143,1
TX,Webb County,3,48479,3821,1007,Medium metro,26.35435749803716,1
TX,Wichita County,4,48485,3540,614,Small metro,17.34463276836158,1
TX,Williamson County,2,48491,7211,929,Large fringe metro,12.883095271113575,1
TX,Wise County,2,48497,1334,214,Large fringe metro,16.041979010494753,1
UT,Davis County,3,49011,3538,200,Medium metro,5.652911249293386,0
UT,Salt Lake County,1,49035,15827,1461,Large central metro,9.231060845390788,0
UT,Utah County,3,49049,5717,592,Medium metro,10.355081336365227,0
UT,Washington County,4,49053,3494,380,Small metro,10.875787063537492,0
UT,Weber County,3,49057,3954,356,Medium metro,9.003540718259991,0
VA,Albemarle County,4,51003,1935,131,Small metro,6.770025839793281,0
VA,Arlington County,1,51013,2757,361,Large central metro,13.093942691331156,1
VA,Augusta County,4,51015,1899,206,Small metro,10.847814639283834,0
VA,Chesterfield County,2,51041,5065,418,Large fringe metro,8.252714708785785,0
VA,Fairfax County,2,51059,10755,1100,Large fringe metro,10.2278010227801,0
VA,Halifax County,6,51083,920,121,Noncore,13.152173913043477,1
VA,Hanover County,2,51085,2800,333,Large fringe metro,11.892857142857142,0
VA,Henrico County,2,51087,7149,804,Large fringe metro,11.246328157784305,0
VA,Loudoun County,2,51107,3388,295,Large fringe metro,8.707201889020071,0
VA,Montgomery County,4,51121,1569,161,Small metro,10.261312938177184,0
VA,Prince William County,2,51153,3478,338,Large fringe metro,9.718228867165038,0
VA,Rockingham County,4,51165,1717,236,Small metro,13.74490390215492,1
VA,Washington County,3,51191,1392,162,Medium metro,11.637931034482758,0
VA,York County,2,51199,1035,101,Large fringe metro,9.758454106280192,0
VA,Alexandria city,1,51510,1707,215,Large central metro,12.595196250732279,1
VA,Charlottesville city,4,51540,2190,204,Small metro,9.315068493150685,0
VA,Chesapeake city,2,51550,3586,294,Large fringe metro,8.198549916341328,0
VA,Danville city,5,51590,1648,207,Micropolitan,12.560679611650485,1
VA,Fredericksburg city,2,51630,1741,187,Large fringe metro,10.74095347501436,0
VA,Hampton city,2,51650,2399,220,Large fringe metro,9.17048770320967,0
VA,Hopewell city,2,51670,777,114,Large fringe metro,14.671814671814673,1
VA,Lynchburg city,3,51680,3270,519,Medium metro,15.871559633027523,1
VA,Manassas city,2,51683,962,212,Large fringe metro,22.03742203742204,1
VA,Martinsville city,5,51690,912,179,Micropolitan,19.62719298245614,1
VA,Newport News city,2,51700,4038,387,Large fringe metro,9.583952451708768,0
VA,Norfolk city,1,51710,5697,522,Large central metro,9.162717219589258,0
VA,Petersburg city,2,51730,1625,228,Large fringe metro,14.03076923076923,1
VA,Portsmouth city,2,51740,2175,223,Large fringe metro,10.252873563218392,0
VA,Richmond city,1,51760,6324,559,Large central metro,8.839342188488299,0
VA,Roanoke city,3,51770,4736,510,Medium metro,10.76858108108108,0
VA,Salem city,3,51775,1710,197,Medium metro,11.52046783625731,0
VA,Suffolk city,2,51800,1918,308,Large fringe metro,16.05839416058394,1
VA,Virginia Beach city,1,51810,6388,427,Large central metro,6.684408265497808,0
VA,Winchester city,4,51840,2256,329,Small metro,14.583333333333334,1
VT,Chittenden County,4,50007,3154,149,Small metro,4.724159797083069,0
WA,Benton County,3,53005,3686,454,Medium metro,12.316874660879002,1
WA,Chelan County,4,53007,1819,175,Small metro,9.620670698185817,0
WA,Clark County,2,53011,7760,489,Large fringe metro,6.301546391752577,0
WA,Cowlitz County,4,53015,2425,133,Small metro,5.484536082474227,0
WA,Franklin County,3,53021,641,120,Medium metro,18.720748829953198,1
WA,King County,1,53033,27922,1951,Large central metro,6.987321825084162,0
WA,Kitsap County,3,53035,3884,166,Medium metro,4.27394438722966,0
WA,Pierce County,2,53053,14377,926,Large fringe metro,6.440843013145997,0
WA,Skagit County,4,53057,2441,102,Small metro,4.178615321589513,0
WA,Snohomish County,2,53061,10354,591,Large fringe metro,5.707938960788101,0
WA,Spokane County,3,53063,10874,1033,Medium metro,9.499724112562074,0
WA,Thurston County,3,53067,4843,259,Medium metro,5.347924839975222,0
WA,Whatcom County,4,53073,3495,164,Small metro,4.69241773962804,0
WA,Yakima County,4,53077,4064,507,Small metro,12.475393700787402,1
WI,Brown County,3,55009,5234,525,Medium metro,10.030569354222392,0
WI,Dane County,3,55025,8630,629,Medium metro,7.288528389339513,0
WI,Dodge County,5,55027,1688,189,Micropolitan,11.196682464454977,0
WI,Eau Claire County,4,55035,2498,250,Small metro,10.0080064051241,0
WI,Fond du Lac County,4,55039,1994,179,Small metro,8.976930792377132,0
WI,Kenosha County,2,55059,3010,420,Large fringe metro,13.953488372093023,1
WI,La Crosse County,4,55063,2908,278,Small metro,9.559834938101789,0
WI,Marathon County,4,55073,3069,364,Small metro,11.860540892798957,0
WI,Milwaukee County,1,55079,18979,1676,Large central metro,8.830813003846357,0
WI,Outagamie County,4,55087,3319,403,Small metro,12.14221150949081,1
WI,Ozaukee County,2,55089,2105,225,Large fringe metro,10.688836104513063,0
WI,Racine County,4,55101,3282,373,Small metro,11.365021328458257,0
WI,Rock County,4,55105,3130,248,Small metro,7.92332268370607,0
WI,Sheboygan County,4,55117,2235,208,Small metro,9.306487695749441,0
WI,Walworth County,5,55127,1571,134,Micropolitan,8.52959898154042,0
WI,Washington County,2,55131,2054,148,Large fringe metro,7.205452775073027,0
WI,Waukesha County,2,55133,6970,744,Large fringe metro,10.674318507890963,0
WI,Waupaca County,6,55135,1119,131,Noncore,11.706881143878462,0
WI,Winnebago County,4,55139,3285,289,Small metro,8.797564687975648,0
WI,Wood County,5,55141,2414,230,Micropolitan,9.52775476387738,0
WV,Berkeley County,3,54003,1823,172,Medium metro,9.43499725726824,0
WV,Brooke County,4,54009,779,138,Small metro,17.715019255455715,1
WV,Cabell County,3,54011,3988,407,Medium metro,10.205616850551655,0
WV,Harrison County,5,54033,1843,179,Micropolitan,9.712425393380359,0
WV,Kanawha County,4,54039,5974,585,Small metro,9.792433880147305,0
WV,Mercer County,5,54055,1563,151,Micropolitan,9.660908509277032,0
WV,Monongalia County,4,54061,3546,514,Small metro,14.495205865764241,1
WV,Ohio County,4,54069,1997,283,Small metro,14.171256885327994,1
WV,Raleigh County,4,54081,2603,181,Small metro,6.9535151747983095,0
WV,Wood County,4,54107,2037,235,Small metro,11.536573392243495,0
WY,Laramie County,4,56021,1868,202,Small metro,10.813704496788008,0
WY,Natrona County,4,56025,1886,250,Small metro,13.255567338282079,1
